--
-- PostgreSQL database dump
--

\restrict UYDMuM8CFaNSF6fDTpvh2xhcK7iDYse7AszVFANjR8T6gdVtrlaT0LpScUFfTyg

-- Dumped from database version 18.3
-- Dumped by pg_dump version 18.3

SET statement_timeout = 0;
SET lock_timeout = 0;
SET idle_in_transaction_session_timeout = 0;
SET transaction_timeout = 0;
SET client_encoding = 'UTF8';
SET standard_conforming_strings = on;
SELECT pg_catalog.set_config('search_path', '', false);
SET check_function_bodies = false;
SET xmloption = content;
SET client_min_messages = warning;
SET row_security = off;

SET default_tablespace = '';

SET default_table_access_method = heap;

--
-- Name: api_token; Type: TABLE; Schema: public; Owner: postgres
--

CREATE TABLE public.api_token (
    id bigint NOT NULL,
    expiry_date date NOT NULL,
    created_at timestamp with time zone NOT NULL,
    updated_at timestamp with time zone NOT NULL,
    is_active boolean NOT NULL,
    name character varying(100) NOT NULL,
    parent_id bigint NOT NULL,
    token_str character varying(400)
);


ALTER TABLE public.api_token OWNER TO postgres;

--
-- Name: api_token_id_seq; Type: SEQUENCE; Schema: public; Owner: postgres
--

ALTER TABLE public.api_token ALTER COLUMN id ADD GENERATED BY DEFAULT AS IDENTITY (
    SEQUENCE NAME public.api_token_id_seq
    START WITH 1
    INCREMENT BY 1
    NO MINVALUE
    NO MAXVALUE
    CACHE 1
);


--
-- Name: app; Type: TABLE; Schema: public; Owner: postgres
--

CREATE TABLE public.app (
    id bigint NOT NULL,
    client_id character varying(150) NOT NULL,
    name character varying(50) NOT NULL,
    logo_url character varying(200),
    disabled boolean NOT NULL,
    app_url_dev character varying(100),
    app_url_prod character varying(100),
    app_url_stage character varying(100),
    group_id bigint,
    tnc_link character varying(500),
    allow_registration boolean NOT NULL,
    description text,
    auth_redirection_path character varying(100),
    web_interface boolean NOT NULL
);


ALTER TABLE public.app OWNER TO postgres;

--
-- Name: app_id_seq; Type: SEQUENCE; Schema: public; Owner: postgres
--

ALTER TABLE public.app ALTER COLUMN id ADD GENERATED BY DEFAULT AS IDENTITY (
    SEQUENCE NAME public.app_id_seq
    START WITH 1
    INCREMENT BY 1
    NO MINVALUE
    NO MAXVALUE
    CACHE 1
);


--
-- Name: ginger_migrations; Type: TABLE; Schema: public; Owner: postgres
--

CREATE TABLE public.ginger_migrations (
    id bigint NOT NULL,
    app character varying(255) NOT NULL,
    name character varying(255) NOT NULL,
    applied timestamp with time zone NOT NULL
);


ALTER TABLE public.ginger_migrations OWNER TO postgres;

--
-- Name: ginger_migrations_id_seq; Type: SEQUENCE; Schema: public; Owner: postgres
--

ALTER TABLE public.ginger_migrations ALTER COLUMN id ADD GENERATED BY DEFAULT AS IDENTITY (
    SEQUENCE NAME public.ginger_migrations_id_seq
    START WITH 1
    INCREMENT BY 1
    NO MINVALUE
    NO MAXVALUE
    CACHE 1
);


--
-- Name: group; Type: TABLE; Schema: public; Owner: postgres
--

CREATE TABLE public."group" (
    id bigint NOT NULL,
    identifier character varying(50) NOT NULL,
    disabled boolean NOT NULL,
    short_text character varying(100)
);


ALTER TABLE public."group" OWNER TO postgres;

--
-- Name: group_id_seq; Type: SEQUENCE; Schema: public; Owner: postgres
--

ALTER TABLE public."group" ALTER COLUMN id ADD GENERATED BY DEFAULT AS IDENTITY (
    SEQUENCE NAME public.group_id_seq
    START WITH 1
    INCREMENT BY 1
    NO MINVALUE
    NO MAXVALUE
    CACHE 1
);


--
-- Name: group_owners; Type: TABLE; Schema: public; Owner: postgres
--

CREATE TABLE public.group_owners (
    id bigint NOT NULL,
    group_id bigint NOT NULL,
    user_id bigint NOT NULL
);


ALTER TABLE public.group_owners OWNER TO postgres;

--
-- Name: group_owners_id_seq; Type: SEQUENCE; Schema: public; Owner: postgres
--

ALTER TABLE public.group_owners ALTER COLUMN id ADD GENERATED BY DEFAULT AS IDENTITY (
    SEQUENCE NAME public.group_owners_id_seq
    START WITH 1
    INCREMENT BY 1
    NO MINVALUE
    NO MAXVALUE
    CACHE 1
);


--
-- Name: group_users; Type: TABLE; Schema: public; Owner: postgres
--

CREATE TABLE public.group_users (
    id bigint NOT NULL,
    group_id bigint NOT NULL,
    user_id bigint NOT NULL
);


ALTER TABLE public.group_users OWNER TO postgres;

--
-- Name: group_users_id_seq; Type: SEQUENCE; Schema: public; Owner: postgres
--

ALTER TABLE public.group_users ALTER COLUMN id ADD GENERATED BY DEFAULT AS IDENTITY (
    SEQUENCE NAME public.group_users_id_seq
    START WITH 1
    INCREMENT BY 1
    NO MINVALUE
    NO MAXVALUE
    CACHE 1
);


--
-- Name: tableexample; Type: TABLE; Schema: public; Owner: postgres
--

CREATE TABLE public.tableexample (
    id bigint NOT NULL,
    field1 character varying(300) NOT NULL,
    bool1 boolean NOT NULL
);


ALTER TABLE public.tableexample OWNER TO postgres;

--
-- Name: tableexample_id_seq; Type: SEQUENCE; Schema: public; Owner: postgres
--

ALTER TABLE public.tableexample ALTER COLUMN id ADD GENERATED BY DEFAULT AS IDENTITY (
    SEQUENCE NAME public.tableexample_id_seq
    START WITH 1
    INCREMENT BY 1
    NO MINVALUE
    NO MAXVALUE
    CACHE 1
);


--
-- Name: user; Type: TABLE; Schema: public; Owner: postgres
--

CREATE TABLE public."user" (
    id bigint NOT NULL,
    first_name character varying(40),
    last_name character varying(40),
    middle_name character varying(40),
    email_id character varying(100) NOT NULL,
    mobile_number character varying(15),
    created_at timestamp with time zone NOT NULL,
    updated_at timestamp with time zone NOT NULL,
    password_hash character varying(400),
    is_root boolean NOT NULL,
    is_active boolean NOT NULL
);


ALTER TABLE public."user" OWNER TO postgres;

--
-- Name: user_id_seq; Type: SEQUENCE; Schema: public; Owner: postgres
--

ALTER TABLE public."user" ALTER COLUMN id ADD GENERATED BY DEFAULT AS IDENTITY (
    SEQUENCE NAME public.user_id_seq
    START WITH 1
    INCREMENT BY 1
    NO MINVALUE
    NO MAXVALUE
    CACHE 1
);


--
-- Data for Name: api_token; Type: TABLE DATA; Schema: public; Owner: postgres
--

COPY public.api_token (id, expiry_date, created_at, updated_at, is_active, name, parent_id, token_str) FROM stdin;
1	2033-06-23	2025-04-06 06:33:55.406251+00	2025-04-12 10:11:45.312315+00	t	prod	2	eyJ0eXAiOiJKV1QiLCJhbGciOiJIUzI1NiJ9.eyJzdWIiOiJ2cmlrc2guZXhwQGdtYWlsLmNvbSIsImV4cCI6MjAwMzEyMTIzNSwidXNlcl9pZCI6IjIiLCJ0b2tlbl90eXBlIjoiYXBpIiwiZmlyc3RfbmFtZSI6IlZyaWtzaCIsImxhc3RfbmFtZSI6IlZyaWtzaCIsIm1pZGRsZV9uYW1lIjpudWxsLCJjbGllbnRfaWQiOiJkZXYtcG9ydGFsLXN0YWdpbmcifQ.0pEMfugqlU-ccOXKeB3kqNvsy0r6zKjNU4xwNUiMV9A
\.


--
-- Data for Name: app; Type: TABLE DATA; Schema: public; Owner: postgres
--

COPY public.app (id, client_id, name, logo_url, disabled, app_url_dev, app_url_prod, app_url_stage, group_id, tnc_link, allow_registration, description, auth_redirection_path, web_interface) FROM stdin;
3	metadata-db-runtime	Metadata DB Studio	https://www.{{HOSTING_FQDN}}/img/ginger-db.png	f	http://localhost:8002	https://metadata-db.{{HOSTING_FQDN}}	https://metadata-db-runtime-675766508318.asia-south1.run.app	\N	\N	f	DB Studio for Metadata DB	/handle-auth/	t
6	iam-admin-staging	IAM Admin	\N	f	http://localhost:3003	https://iam-admin.{{HOSTING_FQDN}}	https://iam-admin-staging.{{HOSTING_FQDN}}	\N	\N	f	Admin portal for managing users and their access to different apps and features	/#/handle-auth/	t
2	dev-machine	Developer's machine	\N	f	\N	\N	\N	\N	\N	f	Allows a user to login via terminal	\N	f
18	rackmint	RackMint	https://images.{{HOSTING_FQDN}}/rackmint.png	f	\N	\N	\N	\N	\N	t	Third party app - A cloud resource provider	/handle-auth/	t
7	dev-portal-staging	Dev Portal	https://www.{{HOSTING_FQDN}}/img/ginger-dev-portal-icon.png	f	http://localhost:3000	https://dev-portal.{{HOSTING_FQDN}}	https://dev-portal-staging.{{HOSTING_FQDN}}	\N	https://www.{{HOSTING_FQDN}}/terms-of-use/	t	Dev Portal - The developer's landing page that they should open first thing in the morning	/#/handle-auth/	t
1	k8-dashboard	Kubernetes Dashboard	https://static-00.iconduck.com/assets.00/kubernetes-icon-2048x1995-r1q3f8n7.png	f	\N	https://k8-prod-dashboard.{{HOSTING_FQDN}}/	\N	\N	\N	f	K8 Dashboard	\N	t
8	tekton-dashboard	Tekton	https://cd.foundation/wp-content/uploads/sites/78/2020/04/tekton-icon-color-1-1.png	f	\N	https://tekton.{{HOSTING_FQDN}}/	\N	\N	\N	f	Tekton Dashboard	\N	t
9	git-web	Source	https://upload.wikimedia.org/wikipedia/commons/thumb/3/3f/Git_icon.svg/2048px-Git_icon.svg.png	f	\N	https://source.{{HOSTING_FQDN}}	\N	\N	\N	f	Git UI	\N	t
10	pypi-index	PyPi Index	https://www.telecomhall.net/uploads/db2683/original/2X/9/93768e7290bc8c8473a02561ac4e608642cfbaca.png	f	\N	https://pip.{{HOSTING_FQDN}}/simple	\N	\N	\N	f	Pypi index	\N	t
12	pip-index-bucket	Bucket - PIP Index	https://pip.{{HOSTING_FQDN}}/ftp/static/img/logo.svg	f	\N	https://pip.{{HOSTING_FQDN}}/ftp/	\N	\N	\N	f	Bucket for the storage for pip server	\N	t
15	db-compose-test-env	DB Compose Test Env	\N	f	http://localhost:3013	https://db-compose-test-env.{{HOSTING_FQDN}}	https://db-compose-runtime-test-env-675766508318.asia-south1.run.app	\N	\N	f	A test environment for the Ginger DB Studio	/handle-auth/	t
13	node-packages-registry	Node Packages Registry	https://cdn-icons-png.flaticon.com/512/5968/5968322.png	f	\N	https://npm.{{HOSTING_FQDN}}	\N	\N	\N	f	Node packages registry	\N	t
11	docker-registry	Docker Registry	https://cdn4.iconfinder.com/data/icons/logos-and-brands/512/97_Docker_logo_logos-512.png	f	\N	https://docker-ui.{{HOSTING_FQDN}}	\N	\N	\N	f	Docker registry	/handle-auth/	t
4	iam-db-runtime	IAM DB Studio	https://www.{{HOSTING_FQDN}}/img/ginger-db.png	f	http://localhost:8090	https://iam-db.{{HOSTING_FQDN}}	https://iam-db-runtime-675766508318.asia-south1.run.app	\N	\N	f	DB Studio for IAM DB	/handle-auth/	t
19	static-images-filebrowser	Static Image Assets Bucket	https://pip.{{HOSTING_FQDN}}/ftp/static/img/logo.svg	f	\N	https://images.{{HOSTING_FQDN}}/ftp	\N	\N	\N	f	Static images file browser	/handle-auth/	t
16	academy-iam-db-runtime	Academy IAM DB Studio	https://www.{{HOSTING_FQDN}}/img/ginger-db.png	f	\N	https://iam-db.krishnaacademy.org	\N	1	\N	f	Academy IAM DB runtime	/handle-auth/	t
21	communicator-messages-db-runtime	Communicator Messages DB Studio	https://www.{{HOSTING_FQDN}}/img/ginger-db.png	f	\N	https://communicator-messages-db.{{HOSTING_FQDN}}	\N	8	\N	f	Studio for messages DB	/handle-auth/	t
20	rackmint-provisioner-db-runtime	Rackmint Provisioner DB Studio	https://www.{{HOSTING_FQDN}}/img/ginger-db.png	f	\N	https://provisioner-db.rackmint.com/	\N	1	\N	f	Rackmint Provisioner DB Studio	/handle-auth/	t
\.


--
-- Data for Name: ginger_migrations; Type: TABLE DATA; Schema: public; Owner: postgres
--

COPY public.ginger_migrations (id, app, name, applied) FROM stdin;
1	src	0001_initial	2025-02-28 08:26:04.255377+00
2	src	0002_test_table	2025-02-28 08:26:04.258844+00
3	src	0003_delete_test_table	2025-02-28 08:26:04.260956+00
4	src	0004_rename_app_url_app_app_url_dev_app_app_url_prod_and_more	2025-02-28 08:26:04.26839+00
5	src	0005_api_token	2025-02-28 08:26:04.31817+00
6	src	0006_api_token_token_str	2025-02-28 08:26:04.323451+00
7	src	0007_alter_api_token_token_str	2025-02-28 08:26:04.329505+00
8	src	0008_app_group	2025-02-28 08:26:04.347347+00
9	src	0009_app_tnc_link	2025-02-28 08:26:04.35375+00
10	src	0010_alter_app_group_alter_token_app	2025-02-28 08:26:04.366109+00
11	src	0011_app_allow_registration	2025-02-28 08:26:04.37348+00
12	src	0012_user_is_active	2025-02-28 08:26:04.378996+00
13	src	0013_delete_token	2025-02-28 08:26:04.382055+00
14	src	0014_app_description	2025-02-28 08:26:04.388724+00
15	src	0015_app_auth_redirection_path	2025-02-28 08:26:04.394457+00
16	src	0016_app_web_interface	2025-02-28 08:26:04.400901+00
17	src	0017_tableexample	2025-02-28 08:26:04.404047+00
\.


--
-- Data for Name: group; Type: TABLE DATA; Schema: public; Owner: postgres
--

COPY public."group" (id, identifier, disabled, short_text) FROM stdin;
1	51c9591c-f4d0-4d25-88f0-119f4afbb056	f	\N
2	43c6ba1f-a17f-4eb3-b4d8-7a3e565abc8d	f	\N
3	a43ef136-cd67-40a6-8b68-169f5d838f0a	f	\N
4	aed85992-6909-4db7-a5f2-6d87f80d98dd	f	\N
5	a7247be7-119b-4ae4-86b0-5f892799ac61	f	\N
6	834065b2-7f96-4f00-a974-bbfb444f056a	f	\N
7	561b22a3-342b-454c-8abf-d90cd8dafaa8	f	\N
8	communicator-developers	f	communicator-developers
\.


--
-- Data for Name: group_owners; Type: TABLE DATA; Schema: public; Owner: postgres
--

COPY public.group_owners (id, group_id, user_id) FROM stdin;
1	1	2
2	2	2
3	3	2
4	4	2
5	5	1
6	6	1
7	7	2
8	8	2
\.


--
-- Data for Name: group_users; Type: TABLE DATA; Schema: public; Owner: postgres
--

COPY public.group_users (id, group_id, user_id) FROM stdin;
1	1	2
2	2	2
3	3	2
4	4	2
5	5	1
6	2	1
7	6	1
8	7	2
9	8	1
10	8	2
\.


--
-- Data for Name: tableexample; Type: TABLE DATA; Schema: public; Owner: postgres
--

COPY public.tableexample (id, field1, bool1) FROM stdin;
\.


--
-- Data for Name: user; Type: TABLE DATA; Schema: public; Owner: postgres
--

COPY public."user" (id, first_name, last_name, middle_name, email_id, mobile_number, created_at, updated_at, password_hash, is_root, is_active) FROM stdin;
3	GingerSociety	Admin	\N	hello@{{HOSTING_FQDN}}	\N	2025-03-03 14:46:29.107919+00	2025-03-03 14:46:29.107932+00	$2b$12$Sv9HVR6nVQ2cYbr0y861RebPs/6xgV7S6C7NFjEZ/mb2AR11wylTW	t	t
4	Test	User	\N	test@{{HOSTING_FQDN}}	\N	2025-03-03 14:46:29.142632+00	2025-03-03 14:46:29.142644+00	$2b$12$EwNU6iduThOcQAAEaBEZfe7WRFwvJNw/Vq8VOyfcbibVAr.mk1eVq	f	t
\.


--
-- Name: api_token_id_seq; Type: SEQUENCE SET; Schema: public; Owner: postgres
--

SELECT pg_catalog.setval('public.api_token_id_seq', 1, true);


--
-- Name: app_id_seq; Type: SEQUENCE SET; Schema: public; Owner: postgres
--

SELECT pg_catalog.setval('public.app_id_seq', 21, true);


--
-- Name: ginger_migrations_id_seq; Type: SEQUENCE SET; Schema: public; Owner: postgres
--

SELECT pg_catalog.setval('public.ginger_migrations_id_seq', 17, true);


--
-- Name: group_id_seq; Type: SEQUENCE SET; Schema: public; Owner: postgres
--

SELECT pg_catalog.setval('public.group_id_seq', 8, true);


--
-- Name: group_owners_id_seq; Type: SEQUENCE SET; Schema: public; Owner: postgres
--

SELECT pg_catalog.setval('public.group_owners_id_seq', 8, true);


--
-- Name: group_users_id_seq; Type: SEQUENCE SET; Schema: public; Owner: postgres
--

SELECT pg_catalog.setval('public.group_users_id_seq', 10, true);


--
-- Name: tableexample_id_seq; Type: SEQUENCE SET; Schema: public; Owner: postgres
--

SELECT pg_catalog.setval('public.tableexample_id_seq', 1, false);


--
-- Name: user_id_seq; Type: SEQUENCE SET; Schema: public; Owner: postgres
--

SELECT pg_catalog.setval('public.user_id_seq', 4, true);


--
-- Name: api_token api_token_pkey; Type: CONSTRAINT; Schema: public; Owner: postgres
--

ALTER TABLE ONLY public.api_token
    ADD CONSTRAINT api_token_pkey PRIMARY KEY (id);


--
-- Name: app app_pkey; Type: CONSTRAINT; Schema: public; Owner: postgres
--

ALTER TABLE ONLY public.app
    ADD CONSTRAINT app_pkey PRIMARY KEY (id);


--
-- Name: ginger_migrations ginger_migrations_pkey; Type: CONSTRAINT; Schema: public; Owner: postgres
--

ALTER TABLE ONLY public.ginger_migrations
    ADD CONSTRAINT ginger_migrations_pkey PRIMARY KEY (id);


--
-- Name: group_owners group_owners_group_id_user_id_5ec969cd_uniq; Type: CONSTRAINT; Schema: public; Owner: postgres
--

ALTER TABLE ONLY public.group_owners
    ADD CONSTRAINT group_owners_group_id_user_id_5ec969cd_uniq UNIQUE (group_id, user_id);


--
-- Name: group_owners group_owners_pkey; Type: CONSTRAINT; Schema: public; Owner: postgres
--

ALTER TABLE ONLY public.group_owners
    ADD CONSTRAINT group_owners_pkey PRIMARY KEY (id);


--
-- Name: group group_pkey; Type: CONSTRAINT; Schema: public; Owner: postgres
--

ALTER TABLE ONLY public."group"
    ADD CONSTRAINT group_pkey PRIMARY KEY (id);


--
-- Name: group_users group_users_group_id_user_id_c7ab77af_uniq; Type: CONSTRAINT; Schema: public; Owner: postgres
--

ALTER TABLE ONLY public.group_users
    ADD CONSTRAINT group_users_group_id_user_id_c7ab77af_uniq UNIQUE (group_id, user_id);


--
-- Name: group_users group_users_pkey; Type: CONSTRAINT; Schema: public; Owner: postgres
--

ALTER TABLE ONLY public.group_users
    ADD CONSTRAINT group_users_pkey PRIMARY KEY (id);


--
-- Name: tableexample tableexample_pkey; Type: CONSTRAINT; Schema: public; Owner: postgres
--

ALTER TABLE ONLY public.tableexample
    ADD CONSTRAINT tableexample_pkey PRIMARY KEY (id);


--
-- Name: user user_pkey; Type: CONSTRAINT; Schema: public; Owner: postgres
--

ALTER TABLE ONLY public."user"
    ADD CONSTRAINT user_pkey PRIMARY KEY (id);


--
-- Name: api_token_parent_id_0ac460cc; Type: INDEX; Schema: public; Owner: postgres
--

CREATE INDEX api_token_parent_id_0ac460cc ON public.api_token USING btree (parent_id);


--
-- Name: app_group_id_99192777; Type: INDEX; Schema: public; Owner: postgres
--

CREATE INDEX app_group_id_99192777 ON public.app USING btree (group_id);


--
-- Name: group_owners_group_id_7765c133; Type: INDEX; Schema: public; Owner: postgres
--

CREATE INDEX group_owners_group_id_7765c133 ON public.group_owners USING btree (group_id);


--
-- Name: group_owners_user_id_aff96c40; Type: INDEX; Schema: public; Owner: postgres
--

CREATE INDEX group_owners_user_id_aff96c40 ON public.group_owners USING btree (user_id);


--
-- Name: group_users_group_id_3ffe8048; Type: INDEX; Schema: public; Owner: postgres
--

CREATE INDEX group_users_group_id_3ffe8048 ON public.group_users USING btree (group_id);


--
-- Name: group_users_user_id_3c44daf2; Type: INDEX; Schema: public; Owner: postgres
--

CREATE INDEX group_users_user_id_3c44daf2 ON public.group_users USING btree (user_id);


--
-- Name: api_token api_token_parent_id_0ac460cc_fk_group_id; Type: FK CONSTRAINT; Schema: public; Owner: postgres
--

ALTER TABLE ONLY public.api_token
    ADD CONSTRAINT api_token_parent_id_0ac460cc_fk_group_id FOREIGN KEY (parent_id) REFERENCES public."group"(id) DEFERRABLE INITIALLY DEFERRED;


--
-- Name: app app_group_id_99192777_fk_group_id; Type: FK CONSTRAINT; Schema: public; Owner: postgres
--

ALTER TABLE ONLY public.app
    ADD CONSTRAINT app_group_id_99192777_fk_group_id FOREIGN KEY (group_id) REFERENCES public."group"(id) DEFERRABLE INITIALLY DEFERRED;


--
-- Name: group_owners group_owners_group_id_7765c133_fk_group_id; Type: FK CONSTRAINT; Schema: public; Owner: postgres
--

ALTER TABLE ONLY public.group_owners
    ADD CONSTRAINT group_owners_group_id_7765c133_fk_group_id FOREIGN KEY (group_id) REFERENCES public."group"(id) DEFERRABLE INITIALLY DEFERRED;


--
-- Name: group_users group_users_group_id_3ffe8048_fk_group_id; Type: FK CONSTRAINT; Schema: public; Owner: postgres
--

ALTER TABLE ONLY public.group_users
    ADD CONSTRAINT group_users_group_id_3ffe8048_fk_group_id FOREIGN KEY (group_id) REFERENCES public."group"(id) DEFERRABLE INITIALLY DEFERRED;


--
-- PostgreSQL database dump complete
--

\unrestrict UYDMuM8CFaNSF6fDTpvh2xhcK7iDYse7AszVFANjR8T6gdVtrlaT0LpScUFfTyg

